순위,제목,언론사,기사일시,요약,요약방식,기사URL,수집일시,수집상태
1,"""암살자들, 박정희 모욕 없어…이정도 창작도 안되나"" 소재원 소신",머니투데이,기사전송 2026-10-05 14:03,"고(故) 육영수 여사 피격 사건을 소재로 한 영화 '암살자(들)' 관련 논란이 거센 가운데, 영화 '소원'을 집필한 작가 소재원이 ""박정희 대통령과 육영수 여사를 모욕했다고 여겨지는 지점을 전혀 찾지 못했다""고 옹호했다. 나는 이 영화가 박정희 대통령과 육영수 여사님을 모욕했다고 여겨지는 지점을 전혀 찾지 못했기 때문""이라고 운을 뗐다.",본문 핵심 문장 추출,https://news.nate.com/view/20261005n08784?mid=n1006,2026-10-05T17:59:28+09:00,성공
2,"[공식] 이수영, 16살 子 백혈병 진단…활동 중단 ""아이에게 눈 뗄 수 없는 상황""",스타뉴스,기사전송 2026-10-05 14:57,"이수영은 ""다름이 아니라 추석 연휴 전에 저희 아이가 갑자기 아파서 병원에서 검사를 받던 중에 급성 t세포 림프모구 백혈병 진단을 받아서 입원을 하게 됐고 지금은 치료를 시작해서 열심히 잘 견뎌내고 있다""고 전했다. 이수영은 ""당분간 여러분을 만나지 못하게 되어 아쉽고 죄송한 마음이 앞서지만, 지금은 그 무엇보다 한 아이의 엄마로서 아이가 힘든 치료 과정을 잘 이겨낼 수 있도록 곁에서 지켜주어야 할 때라는 생각에 어렵게 내린 결정이니, 모든 분들께서 너그러운 마음으로 이해해 주시기를 간곡히 부탁드린다""고 전했다.",본문 핵심 문장 추출,https://news.nate.com/view/20261005n10072?mid=n1008,2026-10-05T17:59:28+09:00,성공
3,"[공식] 유해진, 자택 앞 집회 하루만 강경 대응…""가능한 모든 조치 취할 것"" [전문]",마이데일리,기사전송 2026-10-05 09:27,"소속사는 ""이러한 불법 행위로부터 소속 배우의 권익과 안전을 보호하기 위해 가능한 모든 조치를 취할 예정""이라며 ""앞으로도 소속 배우의 권익과 안전을 침해하는 행위에 대해 지속적으로 모니터링하고, 확인되는 사안에 대해서는 필요한 대응을 이어가겠다""고 전했다. 이러한 불법 행위로부터 소속 배우의 권익과 안전을 보호하기 위해 가능한 모든 조치를 취할 예정입니다.",본문 핵심 문장 추출,https://news.nate.com/view/20261005n04068?mid=n1008,2026-10-05T17:59:28+09:00,성공
4,"""군대 안 간다"" 축구 금메달 따고 '전역모' 자랑…여야 ""병역특례 손봐야""",한겨레,기사전송 2026-10-05 10:50,"2026 아이치·나고야 아시안게임에서 금메달을 딴 뒤 23살 이하 남자축구대표팀이 “군대 안 간다”고 우승소감을 밝히거나 ‘전역모’를 쓴 사진을 공개했다가 뭇매를 맞은 가운데, 여야 양쪽에서 예술·체육요원 병역 특례 제도를 재정비해야 한다는 목소리가 나오고 있다. “군대 안 간다” 축구 금메달 따고 ‘전역모’ 자랑…여야 “병역특례 손봐야”",본문 핵심 문장 추출,https://news.nate.com/view/20261005n05621?mid=n1006,2026-10-05T17:59:28+09:00,성공
5,"""내 옆에서 바로 직관""…비행기서 앞좌석에 맨발 올린 승객 논란",뉴시스,기사전송 2026-10-05 10:30,"[서울=뉴시스]비행기 안에서 앞좌석 틈새로 맨발을 뻗어 불편을 주는 승객의 비매너 행태가 공개돼 온라인상에서 비판이 쏟아지고 있다. 글쓴이는 ""비행기 많이 탔지만 내 옆에서 바로 직관한 적은 처음""이라며 ""장시간 비행으로 발이 아파서 앞으로 뻗을 순 있겠지만 발가락 꼼지락은 왜 계속 할까""라고 적었다.",본문 핵심 문장 추출,https://news.nate.com/view/20261005n05279?mid=n1006,2026-10-05T17:59:28+09:00,성공
6,"김민 90년 구옥 조작설 터졌다…로드뷰 비교, 카르마 맞은 '나혼산' [Oh!쎈 이슈]",OSEN,기사전송 2026-10-05 14:45,[OSEN=장우영 기자] 배우 김민의 일상이 '나 혼자 산다'에서 공개된 가운데 일부 시청자들이 로드뷰로 연출 및 설정 의혹을 파헤쳤다. 한 누리꾼은 2026년 7월로 표시된 해당 주택의 로드뷰 캡처를 공개하며 방송 속 마당과 비교하며 짧은 기간에 공간의 모습이 크게 달라진 점을 들어 촬영을 앞두고 공간을 꾸민 것 아니냐는 추측을 내놨다.,본문 핵심 문장 추출,https://news.nate.com/view/20261005n09809?mid=n1008,2026-10-05T17:59:28+09:00,성공
7,"[단독] ""내 말 안들어""…횡단보도서 어머니 위에 올라 타 폭행한 20대 남성 현행범 체포",세계일보,기사전송 2026-10-05 11:00,"어머니가 자신의 말을 들어주지 않는다며 어머니의 상체 위에 올라타 폭행한 20대 남성이 경찰에 붙잡혔다. 경찰은 전날 오전 10시20분쯤 남부순환로 낙성대역 인근을 순찰하던 중 도로 앞 횡단보도에서 A씨가 한 중년 여성 위에 올라 타 폭행하고, 주변 시민들이 이를 둘러싸고 있는 모습을 발견했다.",본문 핵심 문장 추출,https://news.nate.com/view/20261005n05825?mid=n1006,2026-10-05T17:59:28+09:00,성공
8,'암살자(들)' 보지 말라더니 더 몰렸다…11일 만에 200만 돌파 [어떻게 생각하십니까],한국경제,기사전송 2026-10-05 06:01,"영화 ‘암살자(들)’을 둘러싼 역사 왜곡 논란이 유통·외식업계로 번지고 있다. 영화 '암살자(들)', '왕사남' 보다 빨리 200만 관객 돌파",본문 핵심 문장 추출,https://news.nate.com/view/20261005n01505?mid=n1006,2026-10-05T17:59:28+09:00,성공
9,놀이터 흡연 지적하자 돌진…21개월 아기 안은 아빠 폭행한 60대,뉴시스,기사전송 2026-10-05 16:00,[서울=뉴시스] 21개월 된 아이를 안고 있던 A씨가 담배를 든 B씨를 피해 놀이터 안을 달아나고 있다. [서울=뉴시스]김드보라 인턴 기자 = 아파트 어린이놀이터에서 담배를 피우지 말아 달라고 정중히 요구한 30대 아버지가 21개월 된 아이를 안은 채 쫓기다 폭행을 당하는 충격적인 사건이 발생했다.,본문 핵심 문장 추출,https://news.nate.com/view/20261005n11501?mid=n1006,2026-10-05T17:59:28+09:00,성공
10,"李대통령 ""국가 명운 걸고 '집 못 지어 미친 것처럼' 조기 대량 공급 지시""",뉴스1,기사전송 2026-10-05 16:48,이재명 대통령이 지난 7월 23일 서울 여의도 KBS 별관에서 열린 부동산정책 국민 대토론회에서 발언하고 있다.,본문 핵심 문장 추출,https://news.nate.com/view/20261005n12654?mid=n1006,2026-10-05T17:59:28+09:00,성공
11,한복 대신 '한푸' 입고 찰칵…경복궁서 자국 문화 외치는 중국인들 [TF포착],더팩트,기사전송 2026-10-05 13:18,경복궁 활보하는 중국 전통의상…'한복 착각 우려' 및 '글로벌 매너' 논란 [더팩트｜박헌우 기자] 개천절 연휴 마지막 날인 5일 오전 서울 종로구 경복궁을 찾은 중국인 관광객들이 중국 전통의상 '한푸'를 입고 기념사진을 촬영하고 있다.,본문 핵심 문장 추출,https://news.nate.com/view/20261005n07924?mid=n1006,2026-10-05T17:59:28+09:00,성공
12,[속보]'코드 제로 발령' 평택서 외국인 난투극…무리 간 집단 충돌 확인,헤럴드경제,기사전송 2026-10-05 12:36,"[헤럴드경제=민상식 기자] 최근 경기 평택시의 한 주택가에서 발생한 외국인 집단 패싸움은 평택항 인근에서 활동하는 중앙아시아 국가 무리 간의 알력 다툼이었던 것으로 경찰이 잠정 파악했다. 연합뉴스에 따르면 난투극이 벌어진 현장이 어린이집과 초등학교가 인접한 주거지로, 경찰의 출동 최고 단계인 ‘코드 제로(Code 0)’가 발령될 만큼 긴박했던 것으로 확인됐다.",본문 핵심 문장 추출,https://news.nate.com/view/20261005n07381?mid=n1006,2026-10-05T17:59:28+09:00,성공
13,"김민재가 한탄할 만하다…'군인 모욕' AG금메달 후배 돌이킬 수 없는 언행, 태극마크가 뭔 줄은 아나 [김용일의 축구:혼(魂)]",스포츠서울,기사전송 2026-10-05 07:32,태극마크를 달고 국가를 대표하는 존재가 그랬다면 사회적 파장은 불가피하다. 2026 아이치·나고야 아시안게임에서 역사적인 남자 축구 4연패를 해낸 ‘이민성호’의 일부 선수가 금메달 획득에 따른 병역특례 혜택을 두고 돌이킬 수 없는 실언과 퍼포먼스를 했다가 거센 후폭풍을 맞고 있다.,본문 핵심 문장 추출,https://news.nate.com/view/20261005n02428?mid=n1007,2026-10-05T17:59:28+09:00,성공
14,"""학생에 술 팔았잖아요"" 영업정지 날벼락 사장님…훔친 형 신분증 몰랐다 했지만 [세상&]",헤럴드경제,기사전송 2026-10-05 07:46,[헤럴드경제=안세연 기자] 다른 사람의 신분증을 보여주고 카카오 인증서를 제시한 청소년들에게 술을 판매한 음식점 사장에 대해 영업정지 2개월 처분한 것은 적법하다는 판결이 나왔다. 관할 구청 측은 A씨가 청소년 7명에게 주류를 판매한 부분과 관련해 지난해 12월 영업정지 2개월 처분을 내렸다.,본문 핵심 문장 추출,https://news.nate.com/view/20261005n02716?mid=n1006,2026-10-05T17:59:28+09:00,성공
15,어깨 한 번 부딪혔다고…70대 집까지 쫓아가 살해한 20대 긴급체포,경향신문,기사전송 2026-10-05 13:46,길에서 어깨를 부딪혀 시비가 붙었다는 이유로 일면식 없는 남성의 집에 쫓아가 살해한 20대 남성이 경찰에 붙잡혔다. A씨는 서울 강북구의 한 주택에서 70대 남성 B씨를 살해한 혐의를 받는다.,본문 핵심 문장 추출,https://news.nate.com/view/20261005n08457?mid=n1006,2026-10-05T17:59:28+09:00,성공
16,"""줄 당기는 시늉만""…태극기 늑장 게양, 日 현지서도 고의성 의혹",뉴시스,기사전송 2026-10-05 14:06,[서울=뉴시스] 김종민 기자 = 2026 아이치·나고야 아시안게임 남자 축구 시상식에서 애국가가 끝날 때까지 태극기가 정상에 오르지 않는 황당한 게양 사고가 발생해 고의성 의혹으로 번지고 있다. 영상 속 행사 관계자는 게양 줄을 제대로 당기지 않는 듯한 동작을 보였다.,본문 핵심 문장 추출,https://news.nate.com/view/20261005n08844?mid=n1007,2026-10-05T17:59:28+09:00,성공
17,"李대통령 ""좌우 불문 무책임한 극단주의 경계…결국 사필귀정""",헤럴드경제,기사전송 2026-10-05 07:19,[헤럴드경제=김해솔 기자] 이재명 대통령은 4일 “좌든 우든 전방이든 후방이든 어디서나 무책임한 극단주의를 경계해야 한다”고 했다. 또 “전 세계적인 현상처럼 우리 사회에도 거짓에 기초하여 혹은 최소한의 근거도 없이 혹세무민하는 무책임한 극단주의자(일명 무극파)들의 선동이 유행처럼 번지고 있다”며 “그러나 결국 사실에 기초하여 이성이 작동하는 사회로 사필귀정할 것”이라고 강조했다.,본문 핵심 문장 추출,https://news.nate.com/view/20261005n02251?mid=n1006,2026-10-05T17:59:28+09:00,성공
18,처음 보는 여성 따라가 갑자기 돌로…50대 남성 현행범 체포,매일경제,기사전송 2026-10-05 10:10,심야에 길을 걷던 여성의 머리를 돌로 내리친 50대 남성이 경찰에 붙잡혀 조사를 받고 있다. A씨는 이날 1시 19분께 용인시 처인구 역북동의 한 노상에서 20대 여성 B씨의 뒷머리를 돌로 가격해 다치게 한 혐의를 받는다.,본문 핵심 문장 추출,https://news.nate.com/view/20261005n04897?mid=n1006,2026-10-05T17:59:28+09:00,성공
19,"[속보] 한국야구 1위팀 확정! 막내 구단 KT, 5년 만에 정규시즌 제패하다→통산 3번째 KS 진출…강철매직 V2에 도전장",OSEN,기사전송 2026-10-05 16:52,"[OSEN=수원, 이후광 기자] 2026 프로야구 정규시즌 우승팀은 KT 위즈다. KT는 창단 첫 통합우승 역사를 쓴 2021년 이후 5년 만에 두 번째 정규시즌 1위를 해냈다.",본문 핵심 문장 추출,https://news.nate.com/view/20261005n12738?mid=n1007,2026-10-05T17:59:28+09:00,성공
20,"""중학생 아들 성교육 게을리해""…부모가 1800만원 물어내야",이데일리,기사전송 2026-10-05 14:16,[이데일리 박지혜 기자] 같은 반 여학생을 수개월간 강제로 추행하고 성희롱한 중학생의 부모가 피해 학생에게 1800여만 원을 배상하라는 법원 판결이 나왔다. 5일 법조계에 따르면 청주지법 민사6단독 이주현 부장판사는 피해 학생이 가해 학생 A군의 부모를 상대로 낸 3500만 원 손해배상 청구 소송에서 원고 일부 승소 판결을 내렸다.,본문 핵심 문장 추출,https://news.nate.com/view/20261005n09112?mid=n1006,2026-10-05T17:59:28+09:00,성공
21,"""밥 먹어라"" 해놓고 15분 전 ""너 당첨이다""…머리카락까지 자른 정수진, 충격의 '100g 실격' 전말",파이낸셜뉴스,기사전송 2026-10-05 10:25,먹은 것 다 토하고 머리카락까지 잘랐지만 100g 초과… 눈물로 끝난 생애 첫 亞게임 2026 아이치·나고야 아시안게임 유도 경기장에서 발생한 황당한 계체 실격 사태의 원인이 대표팀 지도부의 치명적인 정보 전달 오류와 안일한 대처 때문이었다는 충격적인 폭로가 나왔다.,본문 핵심 문장 추출,https://news.nate.com/view/20261005n05191?mid=n1007,2026-10-05T17:59:28+09:00,성공
22,"[속보]軍 ""DMZ 北 지뢰는 정전협정 위반 최종 판단""",노컷뉴스,기사전송 2026-10-05 16:12,"각종 비리와 부당대우, 사건사고와 미담 등 모든 얘깃거리를 알려주세요. https://www.nocutnews.co.kr/jebo/write.aspx",본문 핵심 문장 추출,https://news.nate.com/view/20261005n11865?mid=n1006,2026-10-05T17:59:28+09:00,성공
23,"'암살자(들)' 역사왜곡 논란 일파만파…국힘, 국제영화제에 개막작 철회 서한",세계일보,기사전송 2026-10-05 06:04,육영수 여사 피격 사건을 다룬 영화 ‘암살자(들)’을 둘러싼 역사 왜곡 논란이 연일 확산하고 있다. 국민의힘은 4일 싱가포르 국제영화제에 ‘암살자(들)’의 개막작 선정을 철회해 달라는 서한을 당 소속 의원 전원 명의로 보내기로 했다.국민의힘 최보윤 수석대변인은 이날 국회에서 기자들과 만나 “자발적으로 동참하겠다는 의원이 많아서 의견을 수렴해서 원내에서 진행하기로 했다”고 밝혔다.,본문 핵심 문장 추출,https://news.nate.com/view/20261005n01670?mid=n1006,2026-10-05T17:59:28+09:00,성공
24,"'폭탄 발언!' 정수진, ""더 이상 선수 생활 못 할 수도""…계체 탈락 후 지도자 실책 폭로, 대한유도회 ""심적 어려움에 깊은 위로""",스포탈코리아,기사전송 2026-10-05 16:38,"[SPORTALKOREA] 박윤서 기자= 2026 아이치·나고야 아시안게임 유도 여자 48㎏급에 출전했던 정수진이 계체 문제로 경기에 나서지 못한 가운데 대한유도회가 공식 사과 후 진상 파악에 나서기로 했다. 이어 ""오랜 시간 아시안게임을 준비해 온 정수진 선수가 경기에 출전하지 못하게 된 상황을 매우 안타깝게 생각한다""며 ""이 과정에서 겪었을 심적 어려움에 대해서도 깊은 위로의 뜻을 전한다""고 덧붙였다.",본문 핵심 문장 추출,https://news.nate.com/view/20261005n12447?mid=n1007,2026-10-05T17:59:28+09:00,성공
25,"""성노예 하라"" 문자에 추행까지 한 중학생…부모가 대신 배상해야",MBN,기사전송 2026-10-05 10:35,"같은 반 여학생을 수개월간 교실 등에서 강제로 추행하고 성희롱한 중학생을 대신해 부모가 피해 학생에게 1,800여만 원을 배상하라는 법원 판결이 나왔습니다. 중학생 A 군은 지난해 3∼5월 같은 반 B 양에게 사회관계망서비스(SNS)를 통해 ""신체 부위를 만지고 싶다"", ""성노예를 하라""는 등의 성적 메시지를 보냈습니다.",본문 핵심 문장 추출,https://news.nate.com/view/20261005n05349?mid=n1006,2026-10-05T17:59:28+09:00,성공
26,"""삼전닉스 지금 팔면 크게 후회"" 유명 전문가들 한 목소리…왜? [투자360]",헤럴드경제,기사전송 2026-10-05 15:41,[헤럴드경제 = 김상수 기자] 삼성전자와 SK하이닉스를 비롯한 인공지능(AI) 관련주가 여전히 유망하다는 전망이 이어지고 있다. 유동원 유안타증권 글로벌자산배분본부 본부장은 최근 서울 동대문디자인플라자(DDP)에서 열린 ‘헤럴드머니페스타 2026’의 ‘글로벌 증시의 새로운 기회와 유망 섹터 전망’ 강연에서 “삼성전자와 SK하이닉스를 지금 팔았다가 2~3년 뒤 땅을 치고 후회할 일이 생길 수 있다”고 밝혔다.,본문 핵심 문장 추출,https://news.nate.com/view/20261005n11111?mid=n1006,2026-10-05T17:59:28+09:00,성공
27,"李 ""농지 전수조사는 그냥 조사일뿐, 정상 보유자 불이익 없다""",한국경제,기사전송 2026-10-05 12:10,"이재명 대통령이 ""농지 전수조사는 그냥 조사일뿐 정상적으로 농지를 보유한 분들은 아무런 불이익이 없다""고 강조했다. 이 대통령은 5일 엑스(구 트위터)에 송미령 농식품부 장관이 농지 전수조사 팩트체크를 소재로 한 애니메이션 영상에 감사를 표한 글을 공유하며 이같이 밝혔다.",본문 핵심 문장 추출,https://news.nate.com/view/20261005n07088?mid=n1006,2026-10-05T17:59:28+09:00,성공
28,李대통령 지지율 37.4%…민주 42.5%·국힘 38.4% '오차內'[리얼미터],연합뉴스,기사전송 2026-10-05 08:45,"(서울=연합뉴스) 박재하 기자 = 이재명 대통령의 국정수행 지지도가 3주 만에 소폭 하락했다는 여론조사 결과가 5일 나왔다. 대통령 국정수행 지지도 조사의 표본 오차는 95% 신뢰수준에 ±2.0%p, 응답률은 3.9%였다.",본문 핵심 문장 추출,https://news.nate.com/view/20261005n03334?mid=n1006,2026-10-05T17:59:28+09:00,성공
29,"최우진은 정말 군인을 조롱했을까…'절뚝 세리머니' 비난, 선을 넘었다",스포츠경향,기사전송 2026-10-05 11:00,[스포츠경향 김세훈 기자] 2026 아이치·나고야 아시안게임 남자 축구 금메달리스트 최우진이 때아닌 ‘지뢰 세리머니’ 논란에 휩싸였다. 상식적으로도 지뢰 사고를 알고 그것을 의도적으로 흉내 내면서 자신의 병역 혜택을 자랑하려 했다면 공개 SNS에 영상을 올렸을 가능성이 얼마나 되는지 따져볼 필요가 있다.,본문 핵심 문장 추출,https://news.nate.com/view/20261005n05832?mid=n1007,2026-10-05T17:59:28+09:00,성공
30,"""팀장님이 준 로또, 3등 당첨됐는데…말해야 할까요?"" [어떻게 생각하세요]",파이낸셜뉴스,기사전송 2026-10-05 15:01,"[파이낸셜뉴스] 고생했다며 팀장이 건넨 로또 한 장이 덜컥 3등에 당첨되면서, 당첨금을 어떻게 처리해야 할지 고민이라는 직장인의 사연이 전해졌다. 작성자 A씨는 ""어제 팀장님이 고생했다면서 로또 한 장씩 나눠졌다""고 운을 뗐다.",본문 핵심 문장 추출,https://news.nate.com/view/20261005n10164?mid=n1006,2026-10-05T17:59:28+09:00,성공
31,"국방부 ""DMZ 사고, 북한군 MDL 이남 설치한 지뢰 때문"" 최종 결론",머니투데이,기사전송 2026-10-05 16:33,"군 당국이 서부전선 비무장지대(DMZ)에서 발생한 지뢰 폭발 사건은 북한이 군사분계선(MDL) 이남에 설치한 지뢰때문이라고 최종 판단을 내렸다. 그러면서 ""앞으로 우리 군은 북한이 MDL 이남에 설치한 지뢰지대를 자발적으로 제거하지 않을 경우 비무장지대의 평화와 우리 장병의 안전을 위하여 MDL 이남에 설치한 지뢰 제거 작전을 지속 수행할 것""이라고 말했다.",본문 핵심 문장 추출,https://news.nate.com/view/20261005n12305?mid=n1006,2026-10-05T17:59:28+09:00,성공
32,"""저도 군인 신분""…병역 논란 속 김제덕 거수경례 '화제'",한국경제,기사전송 2026-10-05 08:11,"2026 아이치·나고야 아시안게임에서 금메달을 딴 축구대표팀 선수들의 병역 관련 태도를 두고 논란이 거센 가운데, 양궁 국가대표 김제덕(예천군청)의 상반된 발언과 행동이 주목받고 있다. 앞서 김제덕은 2020 도쿄올림픽에서 양궁 혼성 단체전과 남자 단체전 금메달을 따며 병역 특례 혜택을 얻었다.",본문 핵심 문장 추출,https://news.nate.com/view/20261005n03009?mid=n1007,2026-10-05T17:59:28+09:00,성공
33,"최휘영 ""'암살자(들)' 평가는 자유지만 창작자 신변 위협은 민주주의 파괴""",이데일리,기사전송 2026-10-05 14:11,[이데일리 이윤정 기자] 최휘영 문화체육관광부 장관이 최근 논란이 확산하고 있는 영화 ‘암살자(들)’과 관련해 강한 우려를 표명했다. 최 장관은 5일 자신의 엑스(X·옛 트위터)에 “영화에 대한 평가는 자유이지만 창작자에 대한 신변 위협은 민주주의의 파괴”라고 밝혔다.,본문 핵심 문장 추출,https://news.nate.com/view/20261005n08972?mid=n1006,2026-10-05T17:59:28+09:00,성공
34,"[단독] ""무릎 꿇고 뺨 맞을래? 야차 뜰래?"" 조폭 뺨치는 아이들 싸움판 '거절'은 없다 [세상&플러스]",헤럴드경제,기사전송 2026-10-05 16:46,"전남의 한 사건에서 피해 학생은 ‘야차 뜨기, 그냥 맞기, 무릎 꿇고 뺨 맞기’ 중 하나를 고르라는 요구를 받았다고 진술하기도 했다. 전남에서는 초6 피해 학생이 싸움 요구를 거절하자 무릎을 꿇고 사과하도록 시킨 뒤 그 모습을 촬영·유포했다.",본문 핵심 문장 추출,https://news.nate.com/view/20261005n12624?mid=n1006,2026-10-05T17:59:28+09:00,성공
35,"""닭값 폭락에도 치킨값 그대로""…李대통령 한마디에 업계 '술렁'",한국경제,기사전송 2026-10-05 14:47,"6일 국회 국정감사 시작을 앞두고 식품·외식업계에 전운이 감돌고 있다. 설탕·밀가루·전분당 등 대규모 원료 담합에 연루된 식품기업 경영진이 증인석에 서는 데다, 이재명 대통령의 프랜차이즈 치킨 가격 점검 발언까지 더해지며 먹거리 가격과 유통 구조 전반이 국감의 핵심 쟁점으로 부상했다.",본문 핵심 문장 추출,https://news.nate.com/view/20261005n09845?mid=n1006,2026-10-05T17:59:28+09:00,성공
36,"AI, 비밀번호 5번 틀리면 잠기는 것 알고 4번씩만 시도",조선일보,기사전송 2026-10-05 00:52,"인공지능(AI)을 활용한 해킹 공격에 따른 금융회사 개인·법인 고객 정보 유출 사고가 잇따르자 금융위원회가 4일 정부서울청사에서 긴급 점검회의를 열었다. 한 금융사 IT 관계자는 “비밀번호를 5번 틀리면 계정이 잠긴다면, 4번까지만 시도하고 다른 계정으로 넘어가는 방식”이라며 “AI를 활용하면 이런 작업을 수많은 계정에 빠르게 반복할 수 있다”고 했다.",본문 핵심 문장 추출,https://news.nate.com/view/20261005n00300?mid=n1006,2026-10-05T17:59:28+09:00,성공
37,"'금 10개 싹쓸이 도전' 완벽 박살, 韓 양궁 충격 부진, '세계 최강' 더 이상 아니다…'금 5개' 인도가 1등, 역대급 재능 탄생 조명",스포츠조선,기사전송 2026-10-05 16:05,"세계양궁연맹은 4일(한국시각) 공식 홈페이지를 통해 '17세의 쿰쿰 아닐 모홋은 2026년 아이치-나고야 아시안게임 인도 선수단의 마지막 여정을 환상적인 모습으로 장식하며, 인도 선수로는 최초로 리커브 여자 개인전 금메달을 획득하고 2029년 LA 올림픽 출전권까지 거머쥐었다. 그녀의 개인전 우승은 전날 안키타 바카트, 키르티와 함께 아시안게임 대륙 대회 사상 최초로 리커브 여자 단체전 금메달을 합작하여 아시안게임에서 한국의 7연패 독주 역사를 깨뜨린 지 하루 만에 나온 쾌거'라며 새로운 양궁 슈퍼스타 탄생을 조명했다.",본문 핵심 문장 추출,https://news.nate.com/view/20261005n11628?mid=n1007,2026-10-05T17:59:28+09:00,성공
38,"""잘나가던 하이닉스 웬 날벼락""…'이 소문'에 개미들 뿔났다 [강경주의 테크X]",한국경제,기사전송 2026-10-05 10:01,SK하이닉스도 최근 솔리다임 사업이 AI 데이터센터용 고용량 eSSD를 중심으로 전개되고 있다고 밝혔다. SK하이닉스는 AI 데이터센터 시장의 폭발적인 수요 변화에 대응하기 위해 솔리다임의 생산능력과 기술 경쟁력 확보를 위한 투자 필요성을 지속해서 검토하고 있다고 설명했다.,본문 핵심 문장 추출,https://news.nate.com/view/20261005n04733?mid=n1006,2026-10-05T17:59:28+09:00,성공
39,"[아시안게임] 대한유도회, 정수진 계체 탈락 관련 사과…""운영체계 점검할 것""",연합뉴스,기사전송 2026-10-05 10:18,"(나고야=연합뉴스) 김경윤 기자 = 대한유도회는 2026 아이치·나고야 아시안게임에서 발생한 정수진(용인대)의 계체 실격과 관련해 사과했다. 대한유도회는 5일 보도자료를 통해 ""정수진의 계체 탈락 관련 개인 입장문과 제기되고 있는 내용에 관해 심각성을 무겁게 인식하고 있다""며 ""무엇보다 정수진이 경기에 출전하지 못하게 된 상황을 매우 안타깝게 생각하며 이 과정에서 겪었을 심적 어려움에 관해 깊은 위로를 전한다""고 밝혔다.",본문 핵심 문장 추출,https://news.nate.com/view/20261005n05056?mid=n1007,2026-10-05T17:59:28+09:00,성공
40,장동혁과 박정희,뉴시스,기사전송 2026-10-05 11:19,[사진 영상 제보받습니다] <,본문 핵심 문장 추출,https://news.nate.com/view/20261005n06230?mid=n1006,2026-10-05T17:59:28+09:00,성공
41,"여야, AG 논란에 병역특례 축소 한목소리…""BTS도 군대 갔다""",뉴스1,기사전송 2026-10-05 12:02,대한민국 아시안게임 축구대표팀 선수들이 3일 일본 아이치현 도요타 스타디움에서 열린 2026 아이치·나고야 아시안게임 축구 결승전 시상식에서 금메달을 목에 걸고 기념촬영을 하고 있다.,본문 핵심 문장 추출,https://news.nate.com/view/20261005n06962?mid=n1006,2026-10-05T17:59:28+09:00,성공
42,외국인 건보료 체납 375억…출국 등으로 5년간 477억 결손처분,연합뉴스,기사전송 2026-10-05 06:11,◇ 사전 통지에도 완납 20% 불과…출국 등으로 5년간 477억 결손 특히 외국인 국외 체류 부당수급액의 68.7%는 본국 출국 등으로 자격이 정지됐어야 할 직장가입자 명의로 청구된 것으로 나타났다.,본문 핵심 문장 추출,https://news.nate.com/view/20261005n01714?mid=n1006,2026-10-05T17:59:28+09:00,성공
43,"""노무현이 시계 받은 건 팩트"" 진보성역 건든 한동훈",중앙일보,기사전송 2026-10-05 00:15,"한 의원은 4일 페이스북에 “민주당 누구도 ‘노무현 본인 또는 가족이 스폰서 박연차(전 태광실업 회장)로부터 3억 피아제 시계, 수십억 불법자금을 받은 것이 사실이다’란 말에 반박 못 한다”며 “도망가는 민주당에 묻는다. 지난 2일 조계원 대변인이 “노 전 대통령을 모욕했다”고 분개하자 “논두렁에 버렸는지, 부숴버렸는지 (관계없이) 받은 것은 팩트”라고 반박했고, “비열한 정치적 부관참시”란 조국 조국혁신당 혁신정책연구원장의 비판엔 “20년간 나라 망쳐온 노무현 피해자 신화를 극복해야 미래가 있다”고 했다.",본문 핵심 문장 추출,https://news.nate.com/view/20261005n00144?mid=n1006,2026-10-05T17:59:28+09:00,성공
44,"장동혁 ""李대통령, 대북송금 이상의 뭔가 있어 北에 절절매""",헤럴드경제,기사전송 2026-10-05 15:06,[헤럴드경제=김진 기자] 장동혁 국민의힘 장동혁 대표는 5일 북한 지뢰 폭발 사고와 관련해 “이재명 대통령이 즉각 북한에 사과를 요구하고 강력한 대응조치에 나서야 한다”고 촉구했다. 그러면서 “대북송금 사건도 결국 공소취소 대상에 집어넣을 건데 그것 때문에 김정은에게 절절매고 있겠느냐”며 “그 이상의 무언가가 있어 북한에 대해 아무 말 못 하는 거라 생각한다.,본문 핵심 문장 추출,https://news.nate.com/view/20261005n10326?mid=n1006,2026-10-05T17:59:28+09:00,성공
45,"""얘들아, 삼촌이 다 사줄게""…'리센느 빵' 60만개 쓸어간 30대 남성들",서울신문,기사전송 2026-10-05 10:54,지난 4일 유통업계에 따르면 편의점 CU를 운영하는 BGF리테일이 선보인 ‘리센느 빵’ 5종은 지난 1일 기준 누적 판매량 약 60만개를 기록했다. BGF리테일은 지난달 17일 ‘원이의 옥수수 크림빵’을 시작으로 30일 ‘리브의 초코호떡’을 출시하는 등 9월 하순부터 리센느 멤버들의 취향을 반영한 협업 빵을 차례대로 선보이고 있다.,본문 핵심 문장 추출,https://news.nate.com/view/20261005n05696?mid=n1006,2026-10-05T17:59:28+09:00,성공
46,"""저 군대 안 갑니다(미소)"" 국제망신도 이런 국제망신이 없다, 韓 캡틴 군 면제 발언 외신도 '대서특필'…""성실히 군 복무하는 병사들 정말 화날 일""",스포츠조선,기사전송 2026-10-05 04:48,"[스포츠조선 윤진만 기자]대한민국 아시안게임 대표팀 주장 등이 병역 면제 혜택을 받게 된 것을 두고 경솔한 발언을 해 팬들과 정치권의 거센 비판을 받고 있다고 해외 매체가 보도했다. 홍콩 신문 '사우스차이나모닝포스트(SCMP)'는 한국 아시안게임 축구 대표팀을 둘러싼 논란에 대해 ""SNS에선 메달리스트들에게 병역 면제 혜택을 주는 현행 제도를 재검토해야 한다는 주장이 제기되고 있다""라고 조명했다.",본문 핵심 문장 추출,https://news.nate.com/view/20261005n00981?mid=n1007,2026-10-05T17:59:28+09:00,성공
47,"""다른 사람들은 발길 돌려""…헬스장 사우나실 가득 채운 한 여성의 누운 자세",뉴시스,기사전송 2026-10-05 09:21,[서울=뉴시스] 김종민 기자 = 동네 헬스장 사우나 바닥에 한 이용객이 누워 자리를 독차지하는 바람에 다른 이용객들이 들어왔다가 앉을 자리가 없어 그대로 나가는 일이 발생해 온라인상에서 비판이 쏟아지고 있다. 3일 한 온라인 커뮤니티에는 동네 헬스장 사우나 내부를 촬영한 사진과 함께 공용 시설을 이기적으로 이용하는 사람 때문에 불편을 겪었다는 글이 올라왔다.,본문 핵심 문장 추출,https://news.nate.com/view/20261005n03980?mid=n1006,2026-10-05T17:59:28+09:00,성공
48,평택 어린이공원서 외국인 집단 난투극…중앙아시아 세력 간 충돌?,MBN,기사전송 2026-10-05 13:55,심야 시간대 경기 평택시의 한 주택가 어린이공원에서 발생한 외국인 집단 패싸움은 평택항 인근 '고려인 마을'을 거점으로 활동하는 중앙아시아 국가 무리 간의 알력 다툼이었던 것으로 경찰이 잠정 파악했습니다. 경찰은 이번 난투극이 이 일대를 중심으로 활동하는 중앙아시아 출신 두 세력 간의 충돌일 가능성에 무게를 두고 있습니다.,본문 핵심 문장 추출,https://news.nate.com/view/20261005n08616?mid=n1006,2026-10-05T17:59:28+09:00,성공
49,"제주도 간 '전국노래자랑', 객석에서 깜짝 포착된 女 정체",한국경제,기사전송 2026-10-05 14:26,지난 4일 방송된 KBS 1TV '전국노래자랑'은 제주특별자치도 서귀포시 편으로 꾸며졌다. 그 가운데 제주살이 3년차로 알려진 소녀시대 유리가 객석에서 깜짝 포착돼 눈길을 끌었다.,본문 핵심 문장 추출,https://news.nate.com/view/20261005n09417?mid=n1006,2026-10-05T17:59:28+09:00,성공
50,"""버스 어떻게 타요?"" 미국인 관광객, 한국서 놀라는 이유",중앙일보,기사전송 2026-10-05 06:01,"결제 전문기업 월드페이가 발간하는 연례보고서에 따르면, 중국의 지난해 모바일 지갑 결제 비중은 87%로 2020년(40.2%) 대비 2배 가까이로 늘었다. 연방준비제도(Fed)가 발간하는 보고서(Diary of Consumer Payment Choice)에 따르면 지난해 미국 내 소비자의 모바일 결제 비중은 27%로 한 해 전(23%)보다 4%포인트 늘었다.",본문 핵심 문장 추출,https://news.nate.com/view/20261005n01549?mid=n1006,2026-10-05T17:59:28+09:00,성공
